{
    "-58": [
        0.0,
        0.0,
        0.0
    ],
    "-57": [
        0.0,
        0.0,
        0.0
    ],
    "-56": [
        0.0,
        0.0,
        0.0
    ],
    "-55": [
        0.0,
        0.0,
        0.0
    ],
    "-54": [
        0.0,
        0.0,
        0.0
    ],
    "-53": [
        0.0,
        0.0,
        0.0
    ],
    "-52": [
        0.0,
        0.0,
        0.0
    ],
    "-51": [
        0.0,
        0.0,
        0.0
    ],
    "-50": [
        0.0,
        0.0,
        0.0
    ],
    "-49": [
        0.0,
        0.0,
        0.0
    ],
    "-48": [
        0.0,
        0.0,
        0.0
    ],
    "-47": [
        0.0,
        0.0,
        0.0
    ],
    "-46": [
        0.0,
        0.0,
        0.0
    ],
    "-45": [
        0.0,
        0.0,
        0.0
    ],
    "-44": [
        0.0,
        0.0,
        0.0
    ],
    "-43": [
        0.0,
        0.0,
        0.0
    ],
    "-42": [
        0.0,
        0.0,
        0.0
    ],
    "-41": [
        0.0,
        0.0,
        0.0
    ],
    "-40": [
        0.0,
        0.0,
        0.0
    ],
    "-39": [
        0.0,
        0.0,
        0.0
    ],
    "-38": [
        0.0,
        0.0,
        0.0
    ],
    "-37": [
        0.0,
        0.0,
        0.0
    ],
    "-36": [
        0.0,
        0.0,
        0.0
    ],
    "-35": [
        0.0,
        0.0,
        0.0
    ],
    "-34": [
        0.0,
        0.0,
        0.0
    ],
    "-33": [
        0.0,
        0.0,
        0.0
    ],
    "-32": [
        0.0,
        0.0,
        0.0
    ],
    "-31": [
        0.0,
        0.0,
        0.0
    ],
    "-30": [
        0.0,
        0.0,
        0.0
    ],
    "-29": [
        0.0,
        0.0,
        0.0
    ],
    "-28": [
        0.0,
        0.0,
        0.0
    ],
    "-27": [
        0.0,
        0.0,
        0.0
    ],
    "-26": [
        0.0,
        1.0,
        0.0
    ],
    "-25": [
        0.0,
        2.0,
        0.0
    ],
    "-24": [
        0.0,
        5.0,
        0.0
    ],
    "-23": [
        0.0,
        6.0,
        0.0
    ],
    "-22": [
        4.0,
        16.0,
        0.25
    ],
    "-21": [
        2.0,
        16.0,
        0.125
    ],
    "-20": [
        4.0,
        22.0,
        0.18181818181818182
    ],
    "-19": [
        7.0,
        34.0,
        0.20588235294117646
    ],
    "-18": [
        3.0,
        38.0,
        0.07894736842105263
    ],
    "-17": [
        10.0,
        50.0,
        0.2
    ],
    "-16": [
        10.0,
        56.0,
        0.17857142857142858
    ],
    "-15": [
        22.0,
        91.0,
        0.24175824175824176
    ],
    "-14": [
        19.0,
        105.0,
        0.18095238095238095
    ],
    "-13": [
        44.0,
        146.0,
        0.3013698630136986
    ],
    "-12": [
        52.0,
        168.0,
        0.30952380952380953
    ],
    "-11": [
        58.0,
        230.0,
        0.25217391304347825
    ],
    "-10": [
        86.0,
        250.0,
        0.344
    ],
    "-9": [
        119.0,
        321.0,
        0.3707165109034268
    ],
    "-8": [
        161.0,
        401.0,
        0.4014962593516209
    ],
    "-7": [
        178.0,
        440.0,
        0.40454545454545454
    ],
    "-6": [
        220.0,
        524.0,
        0.4198473282442748
    ],
    "-5": [
        223.0,
        519.0,
        0.4296724470134875
    ],
    "-4": [
        274.0,
        584.0,
        0.4691780821917808
    ],
    "-3": [
        340.0,
        712.0,
        0.47752808988764045
    ],
    "-2": [
        379.0,
        723.0,
        0.5242047026279392
    ],
    "-1": [
        401.0,
        683.0,
        0.5871156661786238
    ],
    "0": [
        0.0,
        738.0,
        0.0
    ],
    "1": [
        297.0,
        745.0,
        0.39865771812080536
    ],
    "2": [
        294.0,
        759.0,
        0.38735177865612647
    ],
    "3": [
        240.0,
        741.0,
        0.32388663967611336
    ],
    "4": [
        198.0,
        646.0,
        0.3065015479876161
    ],
    "5": [
        183.0,
        675.0,
        0.27111111111111114
    ],
    "6": [
        182.0,
        625.0,
        0.2912
    ],
    "7": [
        154.0,
        565.0,
        0.27256637168141595
    ],
    "8": [
        105.0,
        468.0,
        0.22435897435897437
    ],
    "9": [
        98.0,
        440.0,
        0.22272727272727272
    ],
    "10": [
        72.0,
        384.0,
        0.1875
    ],
    "11": [
        52.0,
        331.0,
        0.15709969788519637
    ],
    "12": [
        49.0,
        251.0,
        0.1952191235059761
    ],
    "13": [
        35.0,
        235.0,
        0.14893617021276595
    ],
    "14": [
        20.0,
        180.0,
        0.1111111111111111
    ],
    "15": [
        20.0,
        154.0,
        0.12987012987012986
    ],
    "16": [
        16.0,
        109.0,
        0.14678899082568808
    ],
    "17": [
        5.0,
        93.0,
        0.053763440860215055
    ],
    "18": [
        4.0,
        66.0,
        0.06060606060606061
    ],
    "19": [
        6.0,
        50.0,
        0.12
    ],
    "20": [
        1.0,
        36.0,
        0.027777777777777776
    ],
    "21": [
        1.0,
        33.0,
        0.030303030303030304
    ],
    "22": [
        1.0,
        18.0,
        0.05555555555555555
    ],
    "23": [
        0.0,
        10.0,
        0.0
    ],
    "24": [
        0.0,
        10.0,
        0.0
    ],
    "25": [
        1.0,
        6.0,
        0.16666666666666666
    ],
    "26": [
        0.0,
        2.0,
        0.0
    ],
    "27": [
        0.0,
        0.0,
        0.0
    ],
    "28": [
        0.0,
        2.0,
        0.0
    ],
    "29": [
        0.0,
        0.0,
        0.0
    ],
    "30": [
        0.0,
        0.0,
        0.0
    ],
    "31": [
        0.0,
        1.0,
        0.0
    ],
    "32": [
        0.0,
        0.0,
        0.0
    ],
    "33": [
        0.0,
        0.0,
        0.0
    ],
    "34": [
        0.0,
        0.0,
        0.0
    ],
    "35": [
        0.0,
        0.0,
        0.0
    ],
    "36": [
        0.0,
        0.0,
        0.0
    ],
    "37": [
        0.0,
        0.0,
        0.0
    ],
    "38": [
        0.0,
        0.0,
        0.0
    ],
    "39": [
        0.0,
        0.0,
        0.0
    ],
    "40": [
        0.0,
        0.0,
        0.0
    ],
    "41": [
        0.0,
        0.0,
        0.0
    ],
    "42": [
        0.0,
        0.0,
        0.0
    ],
    "43": [
        0.0,
        0.0,
        0.0
    ],
    "44": [
        0.0,
        0.0,
        0.0
    ],
    "45": [
        0.0,
        0.0,
        0.0
    ],
    "46": [
        0.0,
        0.0,
        0.0
    ],
    "47": [
        0.0,
        0.0,
        0.0
    ],
    "48": [
        0.0,
        0.0,
        0.0
    ],
    "49": [
        0.0,
        0.0,
        0.0
    ],
    "50": [
        0.0,
        0.0,
        0.0
    ],
    "51": [
        0.0,
        0.0,
        0.0
    ],
    "52": [
        0.0,
        0.0,
        0.0
    ],
    "53": [
        0.0,
        0.0,
        0.0
    ],
    "54": [
        0.0,
        0.0,
        0.0
    ],
    "55": [
        0.0,
        0.0,
        0.0
    ],
    "56": [
        0.0,
        0.0,
        0.0
    ],
    "57": [
        0.0,
        0.0,
        0.0
    ],
    "58": [
        0.0,
        0.0,
        0.0
    ],
    "59": [
        0.0,
        0.0,
        0.0
    ],
    "60": [
        0.0,
        0.0,
        0.0
    ],
    "61": [
        0.0,
        0.0,
        0.0
    ]
}