{
    "-58": [
        0.0,
        0.0,
        0.0
    ],
    "-57": [
        0.0,
        0.0,
        0.0
    ],
    "-56": [
        0.0,
        0.0,
        0.0
    ],
    "-55": [
        0.0,
        0.0,
        0.0
    ],
    "-54": [
        0.0,
        0.0,
        0.0
    ],
    "-53": [
        0.0,
        0.0,
        0.0
    ],
    "-52": [
        0.0,
        0.0,
        0.0
    ],
    "-51": [
        0.0,
        0.0,
        0.0
    ],
    "-50": [
        0.0,
        0.0,
        0.0
    ],
    "-49": [
        0.0,
        0.0,
        0.0
    ],
    "-48": [
        0.0,
        0.0,
        0.0
    ],
    "-47": [
        0.0,
        0.0,
        0.0
    ],
    "-46": [
        0.0,
        0.0,
        0.0
    ],
    "-45": [
        0.0,
        0.0,
        0.0
    ],
    "-44": [
        0.0,
        0.0,
        0.0
    ],
    "-43": [
        0.0,
        0.0,
        0.0
    ],
    "-42": [
        0.0,
        1.0,
        0.0
    ],
    "-41": [
        0.0,
        1.0,
        0.0
    ],
    "-40": [
        0.0,
        0.0,
        0.0
    ],
    "-39": [
        0.0,
        0.0,
        0.0
    ],
    "-38": [
        0.0,
        1.0,
        0.0
    ],
    "-37": [
        0.0,
        0.0,
        0.0
    ],
    "-36": [
        0.0,
        3.0,
        0.0
    ],
    "-35": [
        0.0,
        0.0,
        0.0
    ],
    "-34": [
        0.0,
        2.0,
        0.0
    ],
    "-33": [
        0.0,
        1.0,
        0.0
    ],
    "-32": [
        0.0,
        4.0,
        0.0
    ],
    "-31": [
        0.0,
        3.0,
        0.0
    ],
    "-30": [
        0.0,
        9.0,
        0.0
    ],
    "-29": [
        0.0,
        12.0,
        0.0
    ],
    "-28": [
        0.0,
        6.0,
        0.0
    ],
    "-27": [
        0.0,
        16.0,
        0.0
    ],
    "-26": [
        0.0,
        11.0,
        0.0
    ],
    "-25": [
        0.0,
        14.0,
        0.0
    ],
    "-24": [
        2.0,
        23.0,
        0.08695652173913043
    ],
    "-23": [
        1.0,
        31.0,
        0.03225806451612903
    ],
    "-22": [
        1.0,
        48.0,
        0.020833333333333332
    ],
    "-21": [
        1.0,
        58.0,
        0.017241379310344827
    ],
    "-20": [
        4.0,
        47.0,
        0.0851063829787234
    ],
    "-19": [
        6.0,
        91.0,
        0.06593406593406594
    ],
    "-18": [
        5.0,
        94.0,
        0.05319148936170213
    ],
    "-17": [
        10.0,
        107.0,
        0.09345794392523364
    ],
    "-16": [
        18.0,
        111.0,
        0.16216216216216217
    ],
    "-15": [
        26.0,
        135.0,
        0.1925925925925926
    ],
    "-14": [
        28.0,
        193.0,
        0.14507772020725387
    ],
    "-13": [
        36.0,
        208.0,
        0.17307692307692307
    ],
    "-12": [
        51.0,
        249.0,
        0.20481927710843373
    ],
    "-11": [
        60.0,
        251.0,
        0.23904382470119523
    ],
    "-10": [
        65.0,
        283.0,
        0.22968197879858657
    ],
    "-9": [
        92.0,
        320.0,
        0.2875
    ],
    "-8": [
        103.0,
        362.0,
        0.2845303867403315
    ],
    "-7": [
        142.0,
        370.0,
        0.3837837837837838
    ],
    "-6": [
        161.0,
        435.0,
        0.3701149425287356
    ],
    "-5": [
        180.0,
        444.0,
        0.40540540540540543
    ],
    "-4": [
        206.0,
        441.0,
        0.4671201814058957
    ],
    "-3": [
        269.0,
        527.0,
        0.5104364326375711
    ],
    "-2": [
        293.0,
        549.0,
        0.5336976320582878
    ],
    "-1": [
        302.0,
        542.0,
        0.5571955719557196
    ],
    "0": [
        0.0,
        591.0,
        0.0
    ],
    "1": [
        224.0,
        558.0,
        0.4014336917562724
    ],
    "2": [
        212.0,
        566.0,
        0.3745583038869258
    ],
    "3": [
        199.0,
        550.0,
        0.3618181818181818
    ],
    "4": [
        180.0,
        550.0,
        0.32727272727272727
    ],
    "5": [
        146.0,
        516.0,
        0.28294573643410853
    ],
    "6": [
        140.0,
        510.0,
        0.27450980392156865
    ],
    "7": [
        103.0,
        482.0,
        0.21369294605809128
    ],
    "8": [
        95.0,
        496.0,
        0.19153225806451613
    ],
    "9": [
        68.0,
        435.0,
        0.15632183908045977
    ],
    "10": [
        62.0,
        428.0,
        0.14485981308411214
    ],
    "11": [
        61.0,
        406.0,
        0.15024630541871922
    ],
    "12": [
        39.0,
        309.0,
        0.1262135922330097
    ],
    "13": [
        27.0,
        316.0,
        0.08544303797468354
    ],
    "14": [
        30.0,
        257.0,
        0.11673151750972763
    ],
    "15": [
        19.0,
        218.0,
        0.0871559633027523
    ],
    "16": [
        13.0,
        188.0,
        0.06914893617021277
    ],
    "17": [
        8.0,
        178.0,
        0.0449438202247191
    ],
    "18": [
        9.0,
        168.0,
        0.05357142857142857
    ],
    "19": [
        10.0,
        147.0,
        0.06802721088435375
    ],
    "20": [
        4.0,
        95.0,
        0.042105263157894736
    ],
    "21": [
        4.0,
        95.0,
        0.042105263157894736
    ],
    "22": [
        1.0,
        84.0,
        0.011904761904761904
    ],
    "23": [
        0.0,
        77.0,
        0.0
    ],
    "24": [
        1.0,
        59.0,
        0.01694915254237288
    ],
    "25": [
        1.0,
        43.0,
        0.023255813953488372
    ],
    "26": [
        0.0,
        54.0,
        0.0
    ],
    "27": [
        0.0,
        33.0,
        0.0
    ],
    "28": [
        0.0,
        24.0,
        0.0
    ],
    "29": [
        0.0,
        15.0,
        0.0
    ],
    "30": [
        0.0,
        14.0,
        0.0
    ],
    "31": [
        0.0,
        11.0,
        0.0
    ],
    "32": [
        0.0,
        10.0,
        0.0
    ],
    "33": [
        0.0,
        8.0,
        0.0
    ],
    "34": [
        0.0,
        5.0,
        0.0
    ],
    "35": [
        0.0,
        5.0,
        0.0
    ],
    "36": [
        0.0,
        6.0,
        0.0
    ],
    "37": [
        0.0,
        1.0,
        0.0
    ],
    "38": [
        0.0,
        1.0,
        0.0
    ],
    "39": [
        0.0,
        2.0,
        0.0
    ],
    "40": [
        0.0,
        1.0,
        0.0
    ],
    "41": [
        0.0,
        0.0,
        0.0
    ],
    "42": [
        0.0,
        0.0,
        0.0
    ],
    "43": [
        0.0,
        0.0,
        0.0
    ],
    "44": [
        0.0,
        1.0,
        0.0
    ],
    "45": [
        0.0,
        0.0,
        0.0
    ],
    "46": [
        0.0,
        0.0,
        0.0
    ],
    "47": [
        0.0,
        0.0,
        0.0
    ],
    "48": [
        0.0,
        0.0,
        0.0
    ],
    "49": [
        0.0,
        0.0,
        0.0
    ],
    "50": [
        0.0,
        0.0,
        0.0
    ],
    "51": [
        0.0,
        0.0,
        0.0
    ],
    "52": [
        0.0,
        0.0,
        0.0
    ],
    "53": [
        0.0,
        0.0,
        0.0
    ],
    "54": [
        0.0,
        0.0,
        0.0
    ],
    "55": [
        0.0,
        0.0,
        0.0
    ],
    "56": [
        0.0,
        0.0,
        0.0
    ],
    "57": [
        0.0,
        0.0,
        0.0
    ],
    "58": [
        0.0,
        0.0,
        0.0
    ],
    "59": [
        0.0,
        0.0,
        0.0
    ],
    "60": [
        0.0,
        0.0,
        0.0
    ],
    "61": [
        0.0,
        0.0,
        0.0
    ]
}