{"-58": [0.0, 0.0, 0.0], "-57": [0.0, 0.0, 0.0], "-56": [0.0, 0.0, 0.0], "-55": [0.0, 0.0, 0.0], "-54": [0.0, 0.0, 0.0], "-53": [0.0, 0.0, 0.0], "-52": [0.0, 0.0, 0.0], "-51": [0.0, 0.0, 0.0], "-50": [0.0, 0.0, 0.0], "-49": [0.0, 1.0, 0.0], "-48": [0.0, 0.0, 0.0], "-47": [0.0, 1.0, 0.0], "-46": [0.0, 1.0, 0.0], "-45": [0.0, 1.0, 0.0], "-44": [0.0, 1.0, 0.0], "-43": [0.0, 2.0, 0.0], "-42": [0.0, 0.0, 0.0], "-41": [0.0, 3.0, 0.0], "-40": [0.0, 0.0, 0.0], "-39": [0.0, 2.0, 0.0], "-38": [0.0, 3.0, 0.0], "-37": [0.0, 2.0, 0.0], "-36": [0.0, 6.0, 0.0], "-35": [0.0, 3.0, 0.0], "-34": [0.0, 9.0, 0.0], "-33": [0.0, 9.0, 0.0], "-32": [0.0, 14.0, 0.0], "-31": [0.0, 18.0, 0.0], "-30": [0.0, 26.0, 0.0], "-29": [0.0, 27.0, 0.0], "-28": [0.0, 27.0, 0.0], "-27": [0.0, 38.0, 0.0], "-26": [1.0, 48.0, 0.020833333333333332], "-25": [0.0, 40.0, 0.0], "-24": [0.0, 52.0, 0.0], "-23": [0.0, 53.0, 0.0], "-22": [0.0, 66.0, 0.0], "-21": [0.0, 85.0, 0.0], "-20": [1.0, 86.0, 0.011627906976744186], "-19": [0.0, 100.0, 0.0], "-18": [2.0, 118.0, 0.01694915254237288], "-17": [6.0, 126.0, 0.047619047619047616], "-16": [4.0, 161.0, 0.024844720496894408], "-15": [11.0, 170.0, 0.06470588235294118], "-14": [10.0, 173.0, 0.057803468208092484], "-13": [11.0, 196.0, 0.05612244897959184], "-12": [15.0, 221.0, 0.06787330316742081], "-11": [35.0, 239.0, 0.14644351464435146], "-10": [33.0, 258.0, 0.12790697674418605], "-9": [51.0, 283.0, 0.18021201413427562], "-8": [77.0, 325.0, 0.23692307692307693], "-7": [88.0, 360.0, 0.24444444444444444], "-6": [106.0, 377.0, 0.28116710875331563], "-5": [120.0, 368.0, 0.32608695652173914], "-4": [146.0, 403.0, 0.36228287841191065], "-3": [173.0, 437.0, 0.39588100686498856], "-2": [213.0, 444.0, 0.4797297297297297], "-1": [221.0, 441.0, 0.5011337868480725], "0": [0.0, 501.0, 0.0], "1": [171.0, 445.0, 0.3842696629213483], "2": [174.0, 473.0, 0.3678646934460888], "3": [153.0, 464.0, 0.3297413793103448], "4": [134.0, 475.0, 0.28210526315789475], "5": [100.0, 449.0, 0.22271714922049], "6": [99.0, 458.0, 0.21615720524017468], "7": [81.0, 464.0, 0.17456896551724138], "8": [62.0, 450.0, 0.13777777777777778], "9": [38.0, 406.0, 0.09359605911330049], "10": [43.0, 375.0, 0.11466666666666667], "11": [29.0, 391.0, 0.0741687979539642], "12": [16.0, 320.0, 0.05], "13": [20.0, 304.0, 0.06578947368421052], "14": [8.0, 282.0, 0.028368794326241134], "15": [7.0, 280.0, 0.025], "16": [7.0, 245.0, 0.02857142857142857], "17": [3.0, 244.0, 0.012295081967213115], "18": [3.0, 202.0, 0.01485148514851485], "19": [2.0, 180.0, 0.011111111111111112], "20": [1.0, 173.0, 0.005780346820809248], "21": [1.0, 142.0, 0.007042253521126761], "22": [0.0, 141.0, 0.0], "23": [0.0, 105.0, 0.0], "24": [0.0, 106.0, 0.0], "25": [0.0, 86.0, 0.0], "26": [0.0, 86.0, 0.0], "27": [0.0, 61.0, 0.0], "28": [0.0, 68.0, 0.0], "29": [0.0, 43.0, 0.0], "30": [0.0, 55.0, 0.0], "31": [0.0, 37.0, 0.0], "32": [0.0, 35.0, 0.0], "33": [0.0, 30.0, 0.0], "34": [0.0, 27.0, 0.0], "35": [0.0, 8.0, 0.0], "36": [0.0, 11.0, 0.0], "37": [0.0, 11.0, 0.0], "38": [0.0, 9.0, 0.0], "39": [0.0, 6.0, 0.0], "40": [0.0, 10.0, 0.0], "41": [0.0, 8.0, 0.0], "42": [0.0, 6.0, 0.0], "43": [0.0, 3.0, 0.0], "44": [0.0, 5.0, 0.0], "45": [0.0, 4.0, 0.0], "46": [0.0, 3.0, 0.0], "47": [0.0, 0.0, 0.0], "48": [0.0, 1.0, 0.0], "49": [0.0, 1.0, 0.0], "50": [0.0, 1.0, 0.0], "51": [0.0, 1.0, 0.0], "52": [0.0, 0.0, 0.0], "53": [0.0, 0.0, 0.0], "54": [0.0, 0.0, 0.0], "55": [0.0, 1.0, 0.0], "56": [0.0, 0.0, 0.0], "57": [0.0, 0.0, 0.0], "58": [0.0, 0.0, 0.0], "59": [0.0, 0.0, 0.0], "60": [0.0, 0.0, 0.0], "61": [0.0, 0.0, 0.0]}